이름,성,년
이준,남,2021
서준,남,2021
하준,남,2021
도윤,남,2021
은우,남,2021
시우,남,2021
지호,남,2021
예준,남,2021
유준,남,2021
수호,남,2021
서아,여,2021
하윤,여,2021
이서,여,2021
지안,여,2021
지아,여,2021
서윤,여,2021
아린,여,2021
아윤,여,2021
하린,여,2021
하은,여,2021
서준,남,2019
하준,남,2019
도윤,남,2019
은우,남,2019
시우,남,2019
지호,남,2019
예준,남,2019
유준,남,2019
주원,남,2019
민준,남,2019
지안,여,2019
하윤,여,2019
서아,여,2019
하은,여,2019
서윤,여,2019
하린,여,2019
지유,여,2019
지우,여,2019
수아,여,2019
지아,여,2019
도윤,남,2017
하준,남,2017
서준,남,2017
시우,남,2017
민준,남,2017
예준,남,2017
주원,남,2017
유준,남,2017
지호,남,2017
준우,남,2017
하윤,여,2017
서윤,여,2017
서연,여,2017
하은,여,2017
지유,여,2017
지우,여,2017
하린,여,2017
수아,여,2017
지아,여,2017
서아,여,2017
민준,남,2015
서준,남,2015
하준,남,2015
도윤,남,2015
주원,남,2015
예준,남,2015
준우,남,2015
지호,남,2015
지후,남,2015
준서,남,2015
서윤,여,2015
서연,여,2015
지우,여,2015
지유,여,2015
하윤,여,2015
서현,여,2015
민서,여,2015
하은,여,2015
지아,여,2015
다은,여,2015
민준,남,2013
서준,남,2013
주원,남,2013
예준,남,2013
시우,남,2013
준서,남,2013
도윤,남,2013
현우,남,2013
건우,남,2013
지훈,남,2013
서연,여,2013
서윤,여,2013
지우,여,2013
서현,여,2013
민서,여,2013
윤서,여,2013
채원,여,2013
하윤,여,2013
지아,여,2013
은서,여,2013
민준,남,2011
주원,남,2011
준서,남,2011
시우,남,2011
예준,남,2011
서준,남,2011
지후,남,2011
지훈,남,2011
현우,남,2011
도현,남,2011
서연,여,2011
서현,여,2011
민서,여,2011
서윤,여,2011
지우,여,2011
지민,여,2011
윤서,여,2011
하은,여,2011
지윤,여,2011
은서,여,2011
민준,남,2009
지후,남,2009
지훈,남,2009
준서,남,2009
현우,남,2009
예준,남,2009
건우,남,2009
현준,남,2009
민재,남,2009
우진,남,2009
서연,여,2009
민서,여,2009
서현,여,2009
지우,여,2009
서윤,여,2009
지민,여,2009
수빈,여,2009
하은,여,2009
예은,여,2009
윤서,여,2009
민준,남,2007
지훈,남,2007
현우,남,2007
준서,남,2007
민재,남,2007
현준,남,2007
준혁,남,2007
승민,남,2007
동현,남,2007
건우,남,2007
서연,여,2007
민서,여,2007
지민,여,2007
서현,여,2007
민지,여,2007
지원,여,2007
윤서,여,2007
예은,여,2007
지윤,여,2007
수빈,여,2007
민준,남,2004
지훈,남,2004
현우,남,2004
준서,남,2004
우진,남,2004
건우,남,2004
예준,남,2004
현준,남,2004
도현,남,2004
동현,남,2004
서연,여,2004
민서,여,2004
지민,여,2004
서현,여,2004
서윤,여,2004
예은,여,2004
하은,여,2004
지우,여,2004
수빈,여,2004
윤서,여,2004
지훈,남,1990
현우,남,1990
성민,남,1990
성현,남,1990
민수,남,1990
준영,남,1990
준호,남,1990
민규,남,1990
동현,남,1990
승현,남,1990
지혜,여,1990
지은,여,1990
은지,여,1990
민지,여,1990
혜진,여,1990
수진,여,1990
유진,여,1990
슬기,여,1990
지현,여,1990
지영,여,1990
지훈,남,1980
성민,남,1980
정훈,남,1980
준호,남,1980
현우,남,1980
성훈,남,1980
진호,남,1980
동현,남,1980
민호,남,1980
준영,남,1980
지혜,여,1980
혜진,여,1980
지영,여,1980
지은,여,1980
수진,여,1980
은정,여,1980
지연,여,1980
은영,여,1980
선영,여,1980
현정,여,1980
정훈,남,1970
성호,남,1970
성진,남,1970
지훈,남,1970
성훈,남,1970
준호,남,1970
정호,남,1970
성민,남,1970
상훈,남,1970
영진,남,1970
지영,여,1970
현정,여,1970
은정,여,1970
현주,여,1970
은영,여,1970
은주,여,1970
미경,여,1970
은경,여,1970
선영,여,1970
미영,여,1970
성호,남,1960
영수,남,1960
영호,남,1960
정호,남,1960
영철,남,1960
영진,남,1960
성수,남,1960
진호,남,1960
상훈,남,1960
정훈,남,1960
미경,여,1960
미숙,여,1960
경희,여,1960
영숙,여,1960
경숙,여,1960
정희,여,1960
미영,여,1960
현숙,여,1960
영희,여,1960
영미,여,1960
영수,남,1950
영호,남,1950
성수,남,1950
영철,남,1950
정호,남,1950
성호,남,1950
영식,남,1950
병철,남,1950
영환,남,1950
상철,남,1950
영숙,여,1950
정숙,여,1950
영희,여,1950
정희,여,1950
명숙,여,1950
현숙,여,1950
경숙,여,1950
인숙,여,1950
경희,여,1950
경옥,여,1950
영수,남,1945
영호,남,1945
영식,남,1945
정웅,남,1945
영길,남,1945
영일,남,1945
정수,남,1945
정남,남,1945
광수,남,1945
중수,남,1945
영자,여,1945
정자,여,1945
순자,여,1945
춘자,여,1945
경자,여,1945
옥자,여,1945
명자,여,1945
숙자,여,1945
정순,여,1945
화자,여,1945
영호,남,1940
종수,남,1940
병호,남,1940
영기,남,1940
일성,남,1940
영식,남,1940
경수,남,1940
영철,남,1940
성기,남,1940
종열,남,1940
영자,여,1940
영숙,여,1940
경자,여,1940
정숙,여,1940
숙자,여,1940
정자,여,1940
순자,여,1940
순희,여,1940
정순,여,1940
춘자,여,1940
